{
"lengthUnit": "mil",
"remark": [],
"components": {
	"fields": ["COMPONENT_NO", "COMPONENT_NAME", "LAYER", "X_COORDINATE", "Y_COORDINATE", "ANGLE"],
	"rows": [
		[1, "H1", "T", 2450, 400, 90],
		[2, "SW1A-1", "T", 3540, 1200, 270],
		[3, "SW1B-1", "T", 3540, 400, 270],
		[4, "SW2-1", "T", 490, 1185, 270],
		[5, "SW2-2", "T", 1250, 1200, 270],
		[6, "SW3-1", "T", 500, 400, 270],
		[7, "SW3-2", "T", 1250, 400, 270],
		[8, "SW3-3", "T", 2000, 400, 270],
		[9, "U2", "T", 3900, 1200, 270],
		[10, "U3", "T", 1820, 1195, 270],
		[11, "U4", "T", 3900, 400, 270],
		[12, "PAD1", "T", 2450, 550, 0],
		[13, "PAD1", "B", 2450, 550, 0],
		[14, "PAD2", "T", 2450, 450, 0],
		[15, "PAD2", "B", 2450, 450, 0],
		[16, "PAD3", "T", 2450, 350, 0],
		[17, "PAD3", "B", 2450, 350, 0],
		[18, "PAD4", "T", 2450, 250, 0],
		[19, "PAD4", "B", 2450, 250, 0],
		[20, "PAD5", "T", 600, 646.1, 0],
		[21, "PAD5", "B", 600, 646.1, 0],
		[22, "PAD6", "T", 600, 153.9, 0],
		[23, "PAD6", "B", 600, 153.9, 0],
		[24, "PAD7", "T", 400, 646.1, 0],
		[25, "PAD7", "B", 400, 646.1, 0],
		[26, "PAD8", "T", 400, 153.9, 0],
		[27, "PAD8", "B", 400, 153.9, 0],
		[28, "PAD9", "T", 1350, 646.1, 0],
		[29, "PAD9", "B", 1350, 646.1, 0],
		[30, "PAD10", "T", 1350, 153.9, 0],
		[31, "PAD10", "B", 1350, 153.9, 0],
		[32, "PAD11", "T", 1150, 646.1, 0],
		[33, "PAD11", "B", 1150, 646.1, 0],
		[34, "PAD12", "T", 1150, 153.9, 0],
		[35, "PAD12", "B", 1150, 153.9, 0],
		[36, "PAD13", "T", 2100, 646.1, 0],
		[37, "PAD13", "B", 2100, 646.1, 0],
		[38, "PAD14", "T", 2100, 153.9, 0],
		[39, "PAD14", "B", 2100, 153.9, 0],
		[40, "PAD15", "T", 1900, 646.1, 0],
		[41, "PAD15", "B", 1900, 646.1, 0],
		[42, "PAD16", "T", 1900, 153.9, 0],
		[43, "PAD16", "B", 1900, 153.9, 0],
		[44, "PAD17", "T", 3640, 1446.1, 0],
		[45, "PAD17", "B", 3640, 1446.1, 0],
		[46, "PAD18", "T", 3640, 953.9, 0],
		[47, "PAD18", "B", 3640, 953.9, 0],
		[48, "PAD19", "T", 3440, 1446.1, 0],
		[49, "PAD19", "B", 3440, 1446.1, 0],
		[50, "PAD20", "T", 3440, 953.9, 0],
		[51, "PAD20", "B", 3440, 953.9, 0],
		[52, "PAD21", "T", 590, 1431.1, 0],
		[53, "PAD21", "B", 590, 1431.1, 0],
		[54, "PAD22", "T", 590, 938.9, 0],
		[55, "PAD22", "B", 590, 938.9, 0],
		[56, "PAD23", "T", 390, 1431.1, 0],
		[57, "PAD23", "B", 390, 1431.1, 0],
		[58, "PAD24", "T", 390, 938.9, 0],
		[59, "PAD24", "B", 390, 938.9, 0],
		[60, "PAD25", "T", 1350, 1446.1, 0],
		[61, "PAD25", "B", 1350, 1446.1, 0],
		[62, "PAD26", "T", 1350, 953.9, 0],
		[63, "PAD26", "B", 1350, 953.9, 0],
		[64, "PAD27", "T", 1150, 1446.1, 0],
		[65, "PAD27", "B", 1150, 1446.1, 0],
		[66, "PAD28", "T", 1150, 953.9, 0],
		[67, "PAD28", "B", 1150, 953.9, 0],
		[68, "PAD29", "T", 3900, 1150, 0],
		[69, "PAD29", "B", 3900, 1150, 0],
		[70, "PAD30", "T", 3900, 1250, 0],
		[71, "PAD30", "B", 3900, 1250, 0],
		[72, "PAD31", "T", 1820, 1295, 0],
		[73, "PAD31", "B", 1820, 1295, 0],
		[74, "PAD32", "T", 1820, 1195, 0],
		[75, "PAD32", "B", 1820, 1195, 0],
		[76, "PAD33", "T", 1820, 1095, 0],
		[77, "PAD33", "B", 1820, 1095, 0],
		[78, "PAD34", "T", 3640, 646.1, 0],
		[79, "PAD34", "B", 3640, 646.1, 0],
		[80, "PAD35", "T", 3640, 153.9, 0],
		[81, "PAD35", "B", 3640, 153.9, 0],
		[82, "PAD36", "T", 3440, 646.1, 0],
		[83, "PAD36", "B", 3440, 646.1, 0],
		[84, "PAD37", "T", 3440, 153.9, 0],
		[85, "PAD37", "B", 3440, 153.9, 0],
		[86, "PAD38", "T", 3900, 350, 0],
		[87, "PAD38", "B", 3900, 350, 0],
		[88, "PAD39", "T", 3900, 450, 0],
		[89, "PAD39", "B", 3900, 450, 0]
	]
},
"pins": {
	"fields": ["PIN_NO", "PIN_NAME", "PIN_X", "PIN_Y", "LAYER", "PIN_TYPE", "NET_NAME", "NET_TYPE", "PAD_SHAPE", "PAD_SIZEX", "PAD_SIZEY", "HOLE_SIZE", "HOLE_LEN", "PAD_ANGLE"],
	"rows": [
		[1, "H1_1", 2450, 550, "T", "DIP", "SW3-1_IN", "", "R", 62.992, 62.992, 39.37, 39.37, 90],
		[2, "H1_1", 2450, 550, "B", "DIP", "SW3-1_IN", "", "R", 62.992, 62.992, 39.37, 39.37, 90],
		[3, "H1_2", 2450, 450, "T", "DIP", "SW3-2_IN", "", "C", 62.992, 62.992, 39.37, 39.37, 90],
		[4, "H1_2", 2450, 450, "B", "DIP", "SW3-2_IN", "", "C", 62.992, 62.992, 39.37, 39.37, 90],
		[5, "H1_3", 2450, 350, "T", "DIP", "SW3-3_IN", "", "C", 62.992, 62.992, 39.37, 39.37, 90],
		[6, "H1_3", 2450, 350, "B", "DIP", "SW3-3_IN", "", "C", 62.992, 62.992, 39.37, 39.37, 90],
		[7, "H1_4", 2450, 250, "T", "DIP", "GND3", "", "C", 62.992, 62.992, 39.37, 39.37, 90],
		[8, "H1_4", 2450, 250, "B", "DIP", "GND3", "", "C", 62.992, 62.992, 39.37, 39.37, 90],
		[9, "SW1A-1_1", 3640, 1446.1, "T", "DIP", "GND1A", "", "C", 86.614, 86.614, 59.056, 59.056, 270],
		[10, "SW1A-1_1", 3640, 1446.1, "B", "DIP", "GND1A", "", "C", 86.614, 86.614, 59.056, 59.056, 270],
		[11, "SW1A-1_2", 3640, 953.9, "T", "DIP", "GND1A", "", "C", 86.614, 86.614, 59.056, 59.056, 270],
		[12, "SW1A-1_2", 3640, 953.9, "B", "DIP", "GND1A", "", "C", 86.614, 86.614, 59.056, 59.056, 270],
		[13, "SW1A-1_3", 3440, 1446.1, "T", "DIP", "SW1A-1_IN", "", "C", 86.614, 86.614, 59.056, 59.056, 270],
		[14, "SW1A-1_3", 3440, 1446.1, "B", "DIP", "SW1A-1_IN", "", "C", 86.614, 86.614, 59.056, 59.056, 270],
		[15, "SW1A-1_4", 3440, 953.9, "T", "DIP", "SW1A-1_IN", "", "C", 86.614, 86.614, 59.056, 59.056, 270],
		[16, "SW1A-1_4", 3440, 953.9, "B", "DIP", "SW1A-1_IN", "", "C", 86.614, 86.614, 59.056, 59.056, 270],
		[17, "SW1B-1_1", 3640, 646.1, "T", "DIP", "GND1B", "", "C", 86.614, 86.614, 59.056, 59.056, 270],
		[18, "SW1B-1_1", 3640, 646.1, "B", "DIP", "GND1B", "", "C", 86.614, 86.614, 59.056, 59.056, 270],
		[19, "SW1B-1_2", 3640, 153.9, "T", "DIP", "GND1B", "", "C", 86.614, 86.614, 59.056, 59.056, 270],
		[20, "SW1B-1_2", 3640, 153.9, "B", "DIP", "GND1B", "", "C", 86.614, 86.614, 59.056, 59.056, 270],
		[21, "SW1B-1_3", 3440, 646.1, "T", "DIP", "SW1B-1_IN", "", "C", 86.614, 86.614, 59.056, 59.056, 270],
		[22, "SW1B-1_3", 3440, 646.1, "B", "DIP", "SW1B-1_IN", "", "C", 86.614, 86.614, 59.056, 59.056, 270],
		[23, "SW1B-1_4", 3440, 153.9, "T", "DIP", "SW1B-1_IN", "", "C", 86.614, 86.614, 59.056, 59.056, 270],
		[24, "SW1B-1_4", 3440, 153.9, "B", "DIP", "SW1B-1_IN", "", "C", 86.614, 86.614, 59.056, 59.056, 270],
		[25, "SW2-1_1", 590, 1431.1, "T", "DIP", "GND2", "", "C", 86.614, 86.614, 59.056, 59.056, 270],
		[26, "SW2-1_1", 590, 1431.1, "B", "DIP", "GND2", "", "C", 86.614, 86.614, 59.056, 59.056, 270],
		[27, "SW2-1_2", 590, 938.9, "T", "DIP", "GND2", "", "C", 86.614, 86.614, 59.056, 59.056, 270],
		[28, "SW2-1_2", 590, 938.9, "B", "DIP", "GND2", "", "C", 86.614, 86.614, 59.056, 59.056, 270],
		[29, "SW2-1_3", 390, 1431.1, "T", "DIP", "SW2-1_IN", "", "C", 86.614, 86.614, 59.056, 59.056, 270],
		[30, "SW2-1_3", 390, 1431.1, "B", "DIP", "SW2-1_IN", "", "C", 86.614, 86.614, 59.056, 59.056, 270],
		[31, "SW2-1_4", 390, 938.9, "T", "DIP", "SW2-1_IN", "", "C", 86.614, 86.614, 59.056, 59.056, 270],
		[32, "SW2-1_4", 390, 938.9, "B", "DIP", "SW2-1_IN", "", "C", 86.614, 86.614, 59.056, 59.056, 270],
		[33, "SW2-2_1", 1350, 1446.1, "T", "DIP", "GND2", "", "C", 86.614, 86.614, 59.056, 59.056, 270],
		[34, "SW2-2_1", 1350, 1446.1, "B", "DIP", "GND2", "", "C", 86.614, 86.614, 59.056, 59.056, 270],
		[35, "SW2-2_2", 1350, 953.9, "T", "DIP", "GND2", "", "C", 86.614, 86.614, 59.056, 59.056, 270],
		[36, "SW2-2_2", 1350, 953.9, "B", "DIP", "GND2", "", "C", 86.614, 86.614, 59.056, 59.056, 270],
		[37, "SW2-2_3", 1150, 1446.1, "T", "DIP", "SW2-2_IN", "", "C", 86.614, 86.614, 59.056, 59.056, 270],
		[38, "SW2-2_3", 1150, 1446.1, "B", "DIP", "SW2-2_IN", "", "C", 86.614, 86.614, 59.056, 59.056, 270],
		[39, "SW2-2_4", 1150, 953.9, "T", "DIP", "SW2-2_IN", "", "C", 86.614, 86.614, 59.056, 59.056, 270],
		[40, "SW2-2_4", 1150, 953.9, "B", "DIP", "SW2-2_IN", "", "C", 86.614, 86.614, 59.056, 59.056, 270],
		[41, "SW3-1_1", 600, 646.1, "T", "DIP", "GND3", "", "C", 86.614, 86.614, 59.056, 59.056, 270],
		[42, "SW3-1_1", 600, 646.1, "B", "DIP", "GND3", "", "C", 86.614, 86.614, 59.056, 59.056, 270],
		[43, "SW3-1_2", 600, 153.9, "T", "DIP", "GND3", "", "C", 86.614, 86.614, 59.056, 59.056, 270],
		[44, "SW3-1_2", 600, 153.9, "B", "DIP", "GND3", "", "C", 86.614, 86.614, 59.056, 59.056, 270],
		[45, "SW3-1_3", 400, 646.1, "T", "DIP", "SW3-1_IN", "", "C", 86.614, 86.614, 59.056, 59.056, 270],
		[46, "SW3-1_3", 400, 646.1, "B", "DIP", "SW3-1_IN", "", "C", 86.614, 86.614, 59.056, 59.056, 270],
		[47, "SW3-1_4", 400, 153.9, "T", "DIP", "SW3-1_IN", "", "C", 86.614, 86.614, 59.056, 59.056, 270],
		[48, "SW3-1_4", 400, 153.9, "B", "DIP", "SW3-1_IN", "", "C", 86.614, 86.614, 59.056, 59.056, 270],
		[49, "SW3-2_1", 1350, 646.1, "T", "DIP", "GND3", "", "C", 86.614, 86.614, 59.056, 59.056, 270],
		[50, "SW3-2_1", 1350, 646.1, "B", "DIP", "GND3", "", "C", 86.614, 86.614, 59.056, 59.056, 270],
		[51, "SW3-2_2", 1350, 153.9, "T", "DIP", "GND3", "", "C", 86.614, 86.614, 59.056, 59.056, 270],
		[52, "SW3-2_2", 1350, 153.9, "B", "DIP", "GND3", "", "C", 86.614, 86.614, 59.056, 59.056, 270],
		[53, "SW3-2_3", 1150, 646.1, "T", "DIP", "SW3-2_IN", "", "C", 86.614, 86.614, 59.056, 59.056, 270],
		[54, "SW3-2_3", 1150, 646.1, "B", "DIP", "SW3-2_IN", "", "C", 86.614, 86.614, 59.056, 59.056, 270],
		[55, "SW3-2_4", 1150, 153.9, "T", "DIP", "SW3-2_IN", "", "C", 86.614, 86.614, 59.056, 59.056, 270],
		[56, "SW3-2_4", 1150, 153.9, "B", "DIP", "SW3-2_IN", "", "C", 86.614, 86.614, 59.056, 59.056, 270],
		[57, "SW3-3_1", 2100, 646.1, "T", "DIP", "GND3", "", "C", 86.614, 86.614, 59.056, 59.056, 270],
		[58, "SW3-3_1", 2100, 646.1, "B", "DIP", "GND3", "", "C", 86.614, 86.614, 59.056, 59.056, 270],
		[59, "SW3-3_2", 2100, 153.9, "T", "DIP", "GND3", "", "C", 86.614, 86.614, 59.056, 59.056, 270],
		[60, "SW3-3_2", 2100, 153.9, "B", "DIP", "GND3", "", "C", 86.614, 86.614, 59.056, 59.056, 270],
		[61, "SW3-3_3", 1900, 646.1, "T", "DIP", "SW3-3_IN", "", "C", 86.614, 86.614, 59.056, 59.056, 270],
		[62, "SW3-3_3", 1900, 646.1, "B", "DIP", "SW3-3_IN", "", "C", 86.614, 86.614, 59.056, 59.056, 270],
		[63, "SW3-3_4", 1900, 153.9, "T", "DIP", "SW3-3_IN", "", "C", 86.614, 86.614, 59.056, 59.056, 270],
		[64, "SW3-3_4", 1900, 153.9, "B", "DIP", "SW3-3_IN", "", "C", 86.614, 86.614, 59.056, 59.056, 270],
		[65, "U2_1", 3900, 1250, "T", "DIP", "SW1A-1_IN", "", "R", 70.866, 70.866, 43.308, 43.308, 270],
		[66, "U2_1", 3900, 1250, "B", "DIP", "SW1A-1_IN", "", "R", 70.866, 70.866, 43.308, 43.308, 270],
		[67, "U2_2", 3900, 1150, "T", "DIP", "GND1A", "", "C", 70.866, 70.866, 43.308, 43.308, 270],
		[68, "U2_2", 3900, 1150, "B", "DIP", "GND1A", "", "C", 70.866, 70.866, 43.308, 43.308, 270],
		[69, "U3_1", 1820, 1295, "T", "DIP", "SW2-1_IN", "", "R", 66.929, 66.929, 43.308, 43.308, 270],
		[70, "U3_1", 1820, 1295, "B", "DIP", "SW2-1_IN", "", "R", 66.929, 66.929, 43.308, 43.308, 270],
		[71, "U3_2", 1820, 1195, "T", "DIP", "SW2-2_IN", "", "C", 66.929, 66.929, 43.308, 43.308, 270],
		[72, "U3_2", 1820, 1195, "B", "DIP", "SW2-2_IN", "", "C", 66.929, 66.929, 43.308, 43.308, 270],
		[73, "U3_3", 1820, 1095, "T", "DIP", "GND2", "", "C", 66.929, 66.929, 43.308, 43.308, 270],
		[74, "U3_3", 1820, 1095, "B", "DIP", "GND2", "", "C", 66.929, 66.929, 43.308, 43.308, 270],
		[75, "U4_1", 3900, 450, "T", "DIP", "SW1B-1_IN", "", "R", 70.866, 70.866, 43.308, 43.308, 270],
		[76, "U4_1", 3900, 450, "B", "DIP", "SW1B-1_IN", "", "R", 70.866, 70.866, 43.308, 43.308, 270],
		[77, "U4_2", 3900, 350, "T", "DIP", "GND1B", "", "C", 70.866, 70.866, 43.308, 43.308, 270],
		[78, "U4_2", 3900, 350, "B", "DIP", "GND1B", "", "C", 70.866, 70.866, 43.308, 43.308, 270],
		[79, "PAD1_1", 2450, 550, "T", "DIP", "SW3-1_IN", "", "R", 62.992, 62.992, 39.37, 39.37, 90],
		[80, "PAD1_1", 2450, 550, "B", "DIP", "SW3-1_IN", "", "R", 62.992, 62.992, 39.37, 39.37, 90],
		[81, "PAD2_2", 2450, 450, "T", "DIP", "SW3-2_IN", "", "C", 62.992, 62.992, 39.37, 39.37, 90],
		[82, "PAD2_2", 2450, 450, "B", "DIP", "SW3-2_IN", "", "C", 62.992, 62.992, 39.37, 39.37, 90],
		[83, "PAD3_3", 2450, 350, "T", "DIP", "SW3-3_IN", "", "C", 62.992, 62.992, 39.37, 39.37, 90],
		[84, "PAD3_3", 2450, 350, "B", "DIP", "SW3-3_IN", "", "C", 62.992, 62.992, 39.37, 39.37, 90],
		[85, "PAD4_4", 2450, 250, "T", "DIP", "GND3", "", "C", 62.992, 62.992, 39.37, 39.37, 90],
		[86, "PAD4_4", 2450, 250, "B", "DIP", "GND3", "", "C", 62.992, 62.992, 39.37, 39.37, 90],
		[87, "PAD5_1", 600, 646.1, "T", "DIP", "GND3", "", "C", 86.614, 86.614, 59.056, 59.056, 270],
		[88, "PAD5_1", 600, 646.1, "B", "DIP", "GND3", "", "C", 86.614, 86.614, 59.056, 59.056, 270],
		[89, "PAD6_2", 600, 153.9, "T", "DIP", "GND3", "", "C", 86.614, 86.614, 59.056, 59.056, 270],
		[90, "PAD6_2", 600, 153.9, "B", "DIP", "GND3", "", "C", 86.614, 86.614, 59.056, 59.056, 270],
		[91, "PAD7_3", 400, 646.1, "T", "DIP", "SW3-1_IN", "", "C", 86.614, 86.614, 59.056, 59.056, 270],
		[92, "PAD7_3", 400, 646.1, "B", "DIP", "SW3-1_IN", "", "C", 86.614, 86.614, 59.056, 59.056, 270],
		[93, "PAD8_4", 400, 153.9, "T", "DIP", "SW3-1_IN", "", "C", 86.614, 86.614, 59.056, 59.056, 270],
		[94, "PAD8_4", 400, 153.9, "B", "DIP", "SW3-1_IN", "", "C", 86.614, 86.614, 59.056, 59.056, 270],
		[95, "PAD9_1", 1350, 646.1, "T", "DIP", "GND3", "", "C", 86.614, 86.614, 59.056, 59.056, 270],
		[96, "PAD9_1", 1350, 646.1, "B", "DIP", "GND3", "", "C", 86.614, 86.614, 59.056, 59.056, 270],
		[97, "PAD10_2", 1350, 153.9, "T", "DIP", "GND3", "", "C", 86.614, 86.614, 59.056, 59.056, 270],
		[98, "PAD10_2", 1350, 153.9, "B", "DIP", "GND3", "", "C", 86.614, 86.614, 59.056, 59.056, 270],
		[99, "PAD11_3", 1150, 646.1, "T", "DIP", "SW3-2_IN", "", "C", 86.614, 86.614, 59.056, 59.056, 270],
		[100, "PAD11_3", 1150, 646.1, "B", "DIP", "SW3-2_IN", "", "C", 86.614, 86.614, 59.056, 59.056, 270],
		[101, "PAD12_4", 1150, 153.9, "T", "DIP", "SW3-2_IN", "", "C", 86.614, 86.614, 59.056, 59.056, 270],
		[102, "PAD12_4", 1150, 153.9, "B", "DIP", "SW3-2_IN", "", "C", 86.614, 86.614, 59.056, 59.056, 270],
		[103, "PAD13_1", 2100, 646.1, "T", "DIP", "GND3", "", "C", 86.614, 86.614, 59.056, 59.056, 270],
		[104, "PAD13_1", 2100, 646.1, "B", "DIP", "GND3", "", "C", 86.614, 86.614, 59.056, 59.056, 270],
		[105, "PAD14_2", 2100, 153.9, "T", "DIP", "GND3", "", "C", 86.614, 86.614, 59.056, 59.056, 270],
		[106, "PAD14_2", 2100, 153.9, "B", "DIP", "GND3", "", "C", 86.614, 86.614, 59.056, 59.056, 270],
		[107, "PAD15_3", 1900, 646.1, "T", "DIP", "SW3-3_IN", "", "C", 86.614, 86.614, 59.056, 59.056, 270],
		[108, "PAD15_3", 1900, 646.1, "B", "DIP", "SW3-3_IN", "", "C", 86.614, 86.614, 59.056, 59.056, 270],
		[109, "PAD16_4", 1900, 153.9, "T", "DIP", "SW3-3_IN", "", "C", 86.614, 86.614, 59.056, 59.056, 270],
		[110, "PAD16_4", 1900, 153.9, "B", "DIP", "SW3-3_IN", "", "C", 86.614, 86.614, 59.056, 59.056, 270],
		[111, "PAD17_1", 3640, 1446.1, "T", "DIP", "GND1A", "", "C", 86.614, 86.614, 59.056, 59.056, 270],
		[112, "PAD17_1", 3640, 1446.1, "B", "DIP", "GND1A", "", "C", 86.614, 86.614, 59.056, 59.056, 270],
		[113, "PAD18_2", 3640, 953.9, "T", "DIP", "GND1A", "", "C", 86.614, 86.614, 59.056, 59.056, 270],
		[114, "PAD18_2", 3640, 953.9, "B", "DIP", "GND1A", "", "C", 86.614, 86.614, 59.056, 59.056, 270],
		[115, "PAD19_3", 3440, 1446.1, "T", "DIP", "SW1A-1_IN", "", "C", 86.614, 86.614, 59.056, 59.056, 270],
		[116, "PAD19_3", 3440, 1446.1, "B", "DIP", "SW1A-1_IN", "", "C", 86.614, 86.614, 59.056, 59.056, 270],
		[117, "PAD20_4", 3440, 953.9, "T", "DIP", "SW1A-1_IN", "", "C", 86.614, 86.614, 59.056, 59.056, 270],
		[118, "PAD20_4", 3440, 953.9, "B", "DIP", "SW1A-1_IN", "", "C", 86.614, 86.614, 59.056, 59.056, 270],
		[119, "PAD21_1", 590, 1431.1, "T", "DIP", "GND2", "", "C", 86.614, 86.614, 59.056, 59.056, 270],
		[120, "PAD21_1", 590, 1431.1, "B", "DIP", "GND2", "", "C", 86.614, 86.614, 59.056, 59.056, 270],
		[121, "PAD22_2", 590, 938.9, "T", "DIP", "GND2", "", "C", 86.614, 86.614, 59.056, 59.056, 270],
		[122, "PAD22_2", 590, 938.9, "B", "DIP", "GND2", "", "C", 86.614, 86.614, 59.056, 59.056, 270],
		[123, "PAD23_3", 390, 1431.1, "T", "DIP", "SW2-1_IN", "", "C", 86.614, 86.614, 59.056, 59.056, 270],
		[124, "PAD23_3", 390, 1431.1, "B", "DIP", "SW2-1_IN", "", "C", 86.614, 86.614, 59.056, 59.056, 270],
		[125, "PAD24_4", 390, 938.9, "T", "DIP", "SW2-1_IN", "", "C", 86.614, 86.614, 59.056, 59.056, 270],
		[126, "PAD24_4", 390, 938.9, "B", "DIP", "SW2-1_IN", "", "C", 86.614, 86.614, 59.056, 59.056, 270],
		[127, "PAD25_1", 1350, 1446.1, "T", "DIP", "GND2", "", "C", 86.614, 86.614, 59.056, 59.056, 270],
		[128, "PAD25_1", 1350, 1446.1, "B", "DIP", "GND2", "", "C", 86.614, 86.614, 59.056, 59.056, 270],
		[129, "PAD26_2", 1350, 953.9, "T", "DIP", "GND2", "", "C", 86.614, 86.614, 59.056, 59.056, 270],
		[130, "PAD26_2", 1350, 953.9, "B", "DIP", "GND2", "", "C", 86.614, 86.614, 59.056, 59.056, 270],
		[131, "PAD27_3", 1150, 1446.1, "T", "DIP", "SW2-2_IN", "", "C", 86.614, 86.614, 59.056, 59.056, 270],
		[132, "PAD27_3", 1150, 1446.1, "B", "DIP", "SW2-2_IN", "", "C", 86.614, 86.614, 59.056, 59.056, 270],
		[133, "PAD28_4", 1150, 953.9, "T", "DIP", "SW2-2_IN", "", "C", 86.614, 86.614, 59.056, 59.056, 270],
		[134, "PAD28_4", 1150, 953.9, "B", "DIP", "SW2-2_IN", "", "C", 86.614, 86.614, 59.056, 59.056, 270],
		[135, "PAD29_2", 3900, 1150, "T", "DIP", "GND1A", "", "C", 70.866, 70.866, 43.308, 43.308, 270],
		[136, "PAD29_2", 3900, 1150, "B", "DIP", "GND1A", "", "C", 70.866, 70.866, 43.308, 43.308, 270],
		[137, "PAD30_1", 3900, 1250, "T", "DIP", "SW1A-1_IN", "", "R", 70.866, 70.866, 43.308, 43.308, 270],
		[138, "PAD30_1", 3900, 1250, "B", "DIP", "SW1A-1_IN", "", "R", 70.866, 70.866, 43.308, 43.308, 270],
		[139, "PAD31_1", 1820, 1295, "T", "DIP", "SW2-1_IN", "", "R", 66.929, 66.929, 43.308, 43.308, 270],
		[140, "PAD31_1", 1820, 1295, "B", "DIP", "SW2-1_IN", "", "R", 66.929, 66.929, 43.308, 43.308, 270],
		[141, "PAD32_2", 1820, 1195, "T", "DIP", "SW2-2_IN", "", "C", 66.929, 66.929, 43.308, 43.308, 270],
		[142, "PAD32_2", 1820, 1195, "B", "DIP", "SW2-2_IN", "", "C", 66.929, 66.929, 43.308, 43.308, 270],
		[143, "PAD33_3", 1820, 1095, "T", "DIP", "GND2", "", "C", 66.929, 66.929, 43.308, 43.308, 270],
		[144, "PAD33_3", 1820, 1095, "B", "DIP", "GND2", "", "C", 66.929, 66.929, 43.308, 43.308, 270],
		[145, "PAD34_1", 3640, 646.1, "T", "DIP", "GND1B", "", "C", 86.614, 86.614, 59.056, 59.056, 270],
		[146, "PAD34_1", 3640, 646.1, "B", "DIP", "GND1B", "", "C", 86.614, 86.614, 59.056, 59.056, 270],
		[147, "PAD35_2", 3640, 153.9, "T", "DIP", "GND1B", "", "C", 86.614, 86.614, 59.056, 59.056, 270],
		[148, "PAD35_2", 3640, 153.9, "B", "DIP", "GND1B", "", "C", 86.614, 86.614, 59.056, 59.056, 270],
		[149, "PAD36_3", 3440, 646.1, "T", "DIP", "SW1B-1_IN", "", "C", 86.614, 86.614, 59.056, 59.056, 270],
		[150, "PAD36_3", 3440, 646.1, "B", "DIP", "SW1B-1_IN", "", "C", 86.614, 86.614, 59.056, 59.056, 270],
		[151, "PAD37_4", 3440, 153.9, "T", "DIP", "SW1B-1_IN", "", "C", 86.614, 86.614, 59.056, 59.056, 270],
		[152, "PAD37_4", 3440, 153.9, "B", "DIP", "SW1B-1_IN", "", "C", 86.614, 86.614, 59.056, 59.056, 270],
		[153, "PAD38_2", 3900, 350, "T", "DIP", "GND1B", "", "C", 70.866, 70.866, 43.308, 43.308, 270],
		[154, "PAD38_2", 3900, 350, "B", "DIP", "GND1B", "", "C", 70.866, 70.866, 43.308, 43.308, 270],
		[155, "PAD39_1", 3900, 450, "T", "DIP", "SW1B-1_IN", "", "R", 70.866, 70.866, 43.308, 43.308, 270],
		[156, "PAD39_1", 3900, 450, "B", "DIP", "SW1B-1_IN", "", "R", 70.866, 70.866, 43.308, 43.308, 270]
	]
}
}